target_column,gene_symbol,y_mean,y_std,y_min,y_max,n_missing,n_dep_lt_m05,n_strong_lt_m1,n_neutral_gt_m02,frac_dep_lt_m05,frac_strong_lt_m1,selection_score
PGK1 (5230),PGK1,-0.9601811838318012,0.4709073239836293,-1.936391871279404,0.2726394904846108,0,53,29,5,0.8983050847457628,0.4915254237288136,11.570907323983631
TOP1 (7150),TOP1,-0.7594905937563675,0.3366084597073684,-1.5086409587590208,0.3451415317950277,0,52,10,5,0.8813559322033898,0.1694915254237288,11.23660845970737
PPP2CA (5515),PPP2CA,-1.0765956148214875,0.7677413608062063,-4.6586549350094,0.1321785531381596,0,47,31,5,0.7966101694915254,0.5254237288135594,10.667741360806207
CTNNB1 (1499),CTNNB1,-1.185587932846943,0.7922471727910271,-3.0051893653580874,0.783503537463245,0,46,35,6,0.7796610169491526,0.5932203389830508,10.592247172791028
ALG13 (79868),ALG13,-0.8201592230819504,0.49043740420218257,-1.9369155546862848,0.3467873598758827,0,47,20,7,0.7966101694915254,0.3389830508474576,10.590437404202182
NCAPD3 (23310),NCAPD3,-0.7706665711054317,0.3781809248255242,-1.6599440270156265,0.1174090660494838,0,48,14,6,0.8135593220338984,0.23728813559322035,10.578180924825526
RAC1 (5879),RAC1,-0.7616258542577098,0.4145256523561114,-2.1018504503447826,0.243610588210022,0,46,16,8,0.7796610169491526,0.2711864406779661,10.414525652356113
MED12 (9968),MED12,-0.7736227406526746,0.40736216022075455,-1.5598094338242403,0.2478541457344202,0,47,16,5,0.7966101694915254,0.2711864406779661,10.307362160220755
TAMM41 (132001),TAMM41,-0.8343899809356388,0.5057950296405748,-1.84741299532854,0.3925019447863112,0,45,29,8,0.7627118644067796,0.4915254237288136,10.305795029640576
MED9 (55090),MED9,-0.7387238162015654,0.365747881907713,-1.7934332561527344,-0.0572460130462878,0,47,13,5,0.7966101694915254,0.22033898305084745,10.265747881907714
FAM50A (9130),FAM50A,-1.0029343829332968,0.6370226014595953,-2.424708567245299,0.5174642948571961,0,44,33,8,0.7457627118644068,0.559322033898305,10.237022601459596
DNAJC11 (55735),DNAJC11,-0.781749277388927,0.48148233279150476,-2.965052092631963,0.0920113707763456,0,46,17,5,0.7796610169491526,0.288135593220339,10.181482332791505
ATP6V1C1 (528),ATP6V1C1,-0.7397275034597737,0.3866085505469801,-1.9355843999598448,0.3142701887733868,0,46,13,5,0.7796610169491526,0.22033898305084745,10.08660855054698
NCAPH2 (29781),NCAPH2,-0.755794184334096,0.48636165853516355,-1.7966786101009051,0.1991144988492119,0,43,15,10,0.7288135593220338,0.2542372881355932,10.086361658535163
TCF7L2 (6934),TCF7L2,-0.7115619838432201,0.4753771244947502,-1.647270560234292,0.1391270781926281,0,42,18,12,0.711864406779661,0.3050847457627119,10.07537712449475
SOD2 (6648),SOD2,-0.9388806291658541,0.7654110877703044,-2.696961433249632,0.6555409887785716,0,42,30,9,0.711864406779661,0.5084745762711864,10.065411087770306
GET3 (439),GET3,-0.8058875891127966,0.40795785937822654,-2.060833087129316,-0.1226322885448656,0,45,19,5,0.7627118644067796,0.3220338983050847,9.907957859378227
MBTPS2 (51360),MBTPS2,-0.7659841708199433,0.39474897507037277,-2.068905576808194,0.1405462959956092,0,45,17,5,0.7627118644067796,0.288135593220339,9.894748975070373
GRB2 (2885),GRB2,-0.9341285032840526,0.7944292627880165,-3.012048970563054,0.1397812434869438,0,40,25,11,0.6779661016949152,0.423728813559322,9.894429262788016
PSMG2 (56984),PSMG2,-0.7451823824142838,0.36710416315013944,-1.5369637292091536,0.0045847298892029,0,45,13,5,0.7627118644067796,0.22033898305084745,9.86710416315014
GTF2F2 (2963),GTF2F2,-0.6477445007560946,0.3187448316931735,-1.5611193273886426,0.2583100746952165,0,45,8,5,0.7627118644067796,0.13559322033898305,9.818744831693174
WDR7 (23335),WDR7,-0.7865469847961112,0.45732991990112243,-1.7082214087846852,-0.0041151157868287,0,43,22,7,0.7288135593220338,0.3728813559322034,9.757329919901121
HNRNPH1 (3187),HNRNPH1,-0.8201122481729196,0.5266624773081346,-2.2678148079663223,0.246318581570063,0,43,23,6,0.7288135593220338,0.3898305084745763,9.726662477308134
CDAN1 (146059),CDAN1,-0.7809928215276577,0.6210739369084491,-1.8520707373895289,0.9933441109546426,0,39,22,11,0.6610169491525424,0.3728813559322034,9.521073936908449
RIC1 (57589),RIC1,-0.8254614293467999,0.5982377218729257,-2.483438187564859,0.3550806794236915,0,39,20,11,0.6610169491525424,0.3389830508474576,9.498237721872925
ACO2 (50),ACO2,-0.9311909016430916,0.5675597510865605,-2.57682593138108,0.1266439459951007,0,42,26,5,0.711864406779661,0.4406779661016949,9.467559751086561
ALG1 (56052),ALG1,-0.7382614704299498,0.33382456526908577,-1.3030739651990282,-0.0066172257646678,0,43,15,5,0.7288135593220338,0.2542372881355932,9.433824565269086
UMPS (7372),UMPS,-0.8024819941844169,0.5812989905506373,-2.268870611200356,0.3365999601719613,0,41,15,6,0.6949152542372882,0.2542372881355932,9.381298990550638
MBTPS1 (8720),MBTPS1,-0.7887086900117879,0.4739352232118671,-2.1631463965965643,0.2790006604284842,0,41,22,7,0.6949152542372882,0.3728813559322034,9.373935223211868
CFLAR (8837),CFLAR,-0.8797163399258549,0.6587497098059812,-2.619337130451151,0.067448944374443,0,39,20,9,0.6610169491525424,0.3389830508474576,9.358749709805982
TOE1 (114034),TOE1,-0.701066675692888,0.44510327049627696,-1.8217041460308423,0.0844216913115053,0,41,15,7,0.6949152542372882,0.2542372881355932,9.345103270496278
NDUFB10 (4716),NDUFB10,-0.6047828472766363,0.331890204770273,-1.3213308862172113,0.5293397366279231,0,42,7,6,0.711864406779661,0.11864406779661017,9.331890204770273
CDK4 (1019),CDK4,-0.8400816504139408,0.5937471923759267,-2.72292162583551,0.2386318597957193,0,41,20,5,0.6949152542372882,0.3389830508474576,9.293747192375928
UROD (7389),UROD,-0.8576265752761005,0.5648539917916353,-2.9919550626603426,-0.108750003112824,0,41,18,5,0.6949152542372882,0.3050847457627119,9.264853991791636
PRKRA (8575),PRKRA,-0.7982642867728476,0.5628688219421419,-2.66826305434417,-0.0080076090327226,0,41,16,5,0.6949152542372882,0.2711864406779661,9.262868821942144
UQCRC2 (7385),UQCRC2,-0.7032568536364394,0.3485265195186144,-1.4838919062826212,-3.978597897591474e-05,0,42,13,5,0.711864406779661,0.22033898305084745,9.248526519518615
GEMIN4 (50628),GEMIN4,-0.6942670230913093,0.3343519439628448,-1.546698386441432,0.2461268466850344,0,42,11,5,0.711864406779661,0.1864406779661017,9.234351943962846
SNRPB2 (6629),SNRPB2,-0.7823780629353391,0.4934137629410569,-2.058434260897644,0.0129778828689978,0,41,14,5,0.6949152542372882,0.23728813559322035,9.193413762941057
HAUS8 (93323),HAUS8,-0.6523547502607716,0.3115612410879342,-1.4655624824491496,0.1754965433423956,0,41,6,6,0.6949152542372882,0.1016949152542373,9.111561241087935
NXT1 (29107),NXT1,-0.9481568840210604,0.7134767110969739,-3.024915511309826,-0.1232680667837485,0,38,24,7,0.6440677966101694,0.4067796610169492,9.013476711096974
NHLRC2 (374354),NHLRC2,-0.74067052745468,0.49549495515997605,-1.9643340591834024,0.0638841177456804,0,39,16,7,0.6610169491525424,0.2711864406779661,8.995494955159977
TMED10 (10972),TMED10,-0.5979759650517948,0.3818965483565132,-1.8024761941195129,-0.046206671697499,0,38,6,10,0.6440677966101694,0.1016949152542373,8.981896548356513
CIT (11113),CIT,-0.5773283530242698,0.34406855852650725,-1.2701679564164865,0.0465889831625467,0,38,7,10,0.6440677966101694,0.11864406779661017,8.944068558526507
ADSS2 (159),ADSS2,-0.6876958780043108,0.3960890565831047,-1.6041283055948872,0.1168365087510776,0,39,11,7,0.6610169491525424,0.1864406779661017,8.896089056583104
UBE2D3 (7323),UBE2D3,-0.6603548674917651,0.4820038825515011,-2.294039725950775,0.3083408471885014,0,37,8,10,0.6271186440677966,0.13559322033898305,8.882003882551501
SDHB (6390),SDHB,-0.7110834276293062,0.4598808881242703,-1.870025336177176,0.0603589412209797,0,38,16,8,0.6440677966101694,0.2711864406779661,8.859880888124271
TIMM22 (29928),TIMM22,-0.5778020447250478,0.4171128589761187,-1.6089517734689447,1.107823356103633,0,38,6,8,0.6440677966101694,0.1016949152542373,8.81711285897612
USP9X (8239),USP9X,-0.65835508334413,0.3982696184774403,-1.419353007664581,0.3243196534355588,0,39,13,6,0.6610169491525424,0.22033898305084745,8.798269618477441
NAPG (8774),NAPG,-0.7592409914026367,0.5392259681225825,-2.5577064685554443,0.2445779002454764,0,37,15,8,0.6271186440677966,0.2542372881355932,8.739225968122582
ATP6V1H (51606),ATP6V1H,-0.6548342516798308,0.3248722750331447,-1.3129810611233483,0.0986554505555373,0,39,10,6,0.6610169491525424,0.1694915254237288,8.724872275033144
TELO2 (9894),TELO2,-0.5929834054913932,0.31406506027047937,-1.1397228869490936,0.4911263339399433,0,39,5,6,0.6610169491525424,0.0847457627118644,8.71406506027048
FAF2 (23197),FAF2,-0.6017130311551501,0.30730852126254193,-1.128848594232292,0.1057754304379973,0,39,6,6,0.6610169491525424,0.1016949152542373,8.707308521262542
MYH9 (4627),MYH9,-0.5809576477931261,0.48907543032626205,-1.6934762925430005,0.5470111775532279,0,33,11,16,0.559322033898305,0.1864406779661017,8.689075430326263
COASY (80347),COASY,-0.6923689568755008,0.3772390207005252,-1.7310370400645243,0.1121264759077966,0,39,14,5,0.6610169491525424,0.23728813559322035,8.677239020700526
USP7 (7874),USP7,-0.8347847741429253,0.5676822891088589,-2.1559034972114746,0.2128968052680494,0,38,20,5,0.6440677966101694,0.3389830508474576,8.667682289108859
FDXR (2232),FDXR,-0.6447580577105667,0.36610551322690293,-1.3858032677907912,0.1314216759785922,0,38,11,7,0.6440677966101694,0.1864406779661017,8.666105513226903
PTBP1 (5725),PTBP1,-0.6413822743310416,0.3657768637810358,-1.6027671543179052,0.2258303867069137,0,39,8,5,0.6610169491525424,0.13559322033898305,8.665776863781037
ARFRP1 (10139),ARFRP1,-0.608853282925884,0.3655075546895435,-1.5391441612821166,0.1633192442311392,0,38,9,7,0.6440677966101694,0.15254237288135594,8.665507554689544
RARS2 (57038),RARS2,-0.642371191806823,0.3404286040082621,-1.325347152794325,0.0941081849066515,0,39,12,5,0.6610169491525424,0.2033898305084746,8.640428604008262
WTAP (9589),WTAP,-0.6207271867822415,0.3130028541571422,-1.7296050808722816,0.0548428018239376,0,39,4,5,0.6610169491525424,0.06779661016949153,8.613002854157143
RTTN (25914),RTTN,-0.5606325198977528,0.30608029610543014,-1.186436917981705,0.2030627502192978,0,36,4,10,0.6101694915254238,0.06779661016949153,8.50608029610543
PPP6C (5537),PPP6C,-0.6430061843273515,0.3054804408343588,-1.2838289124660125,0.027872288422078,0,38,7,6,0.6440677966101694,0.11864406779661017,8.50548044083436
PSMG1 (8624),PSMG1,-0.5816641893992475,0.40261117069908037,-1.6221172745212684,0.2097270060605633,0,35,11,11,0.5932203389830508,0.1864406779661017,8.50261117069908
VHL (7428),VHL,-0.5382447191075862,0.3843698728815406,-1.3923261068245767,0.6956215791314851,0,37,6,7,0.6271186440677966,0.1016949152542373,8.48436987288154
WDR1 (9948),WDR1,-0.7618498267959438,0.5611487939898596,-2.4855709885869546,-0.0089156069418804,0,35,15,9,0.5932203389830508,0.2542372881355932,8.46114879398986
PPP2R1A (5518),PPP2R1A,-0.6690572560297964,0.5396999163783255,-1.8018397027306128,0.4119805190855534,0,33,14,13,0.559322033898305,0.23728813559322035,8.439699916378327
ARF4 (378),ARF4,-0.6626671894635824,0.5170048264941361,-2.5139667527912737,0.4559902173957041,0,36,9,7,0.6101694915254238,0.15254237288135594,8.417004826494136
ING3 (54556),ING3,-0.5938685532152393,0.3121986695994759,-1.2291790459363152,0.2134202479357003,0,37,5,7,0.6271186440677966,0.0847457627118644,8.412198669599476
MED1 (5469),MED1,-0.7545521194929665,0.4847206188669665,-2.1374047035530257,0.1622954978845393,0,37,18,5,0.6271186440677966,0.3050847457627119,8.384720618866968
ARPC4 (10093),ARPC4,-0.5985676163775533,0.3655404496015434,-1.602916192315611,0.0833357086084636,0,36,8,8,0.6101694915254238,0.13559322033898305,8.365540449601545
SKA3 (221150),SKA3,-0.6425200691680089,0.359596633636675,-1.460786114572286,0.4094685687542905,0,37,10,6,0.6271186440677966,0.1694915254237288,8.359596633636675
TWNK (56652),TWNK,-0.5521163387527835,0.34687948280600955,-1.3414511850170077,0.2361321714157027,0,35,4,10,0.5932203389830508,0.06779661016949153,8.34687948280601
MED24 (9862),MED24,-0.610487129042806,0.3327962005450674,-1.515338921526661,0.2077680539670563,0,37,6,6,0.6271186440677966,0.1016949152542373,8.332796200545069
TAF1D (79101),TAF1D,-0.6114578522844828,0.3168137006054016,-1.3069013093124964,0.3880368803778989,0,37,5,6,0.6271186440677966,0.0847457627118644,8.316813700605403
MRPL15 (29088),MRPL15,-0.5939540729409377,0.3118199222115965,-1.1745620888404469,0.0455698310256285,0,37,5,6,0.6271186440677966,0.0847457627118644,8.311819922211598
PPA2 (27068),PPA2,-0.5098263292216648,0.39359359738981814,-1.5491942301348776,0.2298158610268043,0,32,6,15,0.5423728813559322,0.1016949152542373,8.293593597389819
PTPN11 (5781),PTPN11,-0.6420419814726275,0.39081903319717154,-1.8444000072487108,0.1172643784601128,0,36,13,7,0.6101694915254238,0.22033898305084745,8.290819033197172
HARS2 (23438),HARS2,-0.5853428856726419,0.3483897717062732,-1.479157072418646,0.2599566970904667,0,36,7,7,0.6101694915254238,0.11864406779661017,8.248389771706274
HEMK2 (29104),HEMK2,-0.6168699444081982,0.34215046186083353,-2.084666541849427,0.0145105763715976,0,37,6,5,0.6271186440677966,0.1016949152542373,8.242150461860835
CRIPTO (6997),CRIPTO,-0.5813182228189337,0.33952784239803646,-1.3201539607721708,0.0845511754145164,0,35,7,9,0.5932203389830508,0.11864406779661017,8.239527842398036
PCYT1A (5130),PCYT1A,-0.5954233956186792,0.43549334579257776,-2.7215052499754835,0.0156254648509263,0,34,8,10,0.576271186440678,0.13559322033898305,8.235493345792579
BPTF (2186),BPTF,-0.6270220347788286,0.3276131572623584,-1.4309841215771664,0.1209707977424465,0,37,7,5,0.6271186440677966,0.11864406779661017,8.227613157262358
FASN (2194),FASN,-0.575671442487625,0.42500861200965706,-1.5498714599637675,0.0671205349004544,0,33,12,12,0.559322033898305,0.2033898305084746,8.225008612009658
XPO5 (57510),XPO5,-0.6262774347550703,0.36997391050465495,-1.5678059205154815,0.1783197160220868,0,36,6,6,0.6101694915254238,0.1016949152542373,8.169973910504655
CAD (790),CAD,-0.6182844006827213,0.4529703734463651,-2.547308342226576,0.0311787392588298,0,34,10,9,0.576271186440678,0.1694915254237288,8.152970373446365
TIPRL (261726),TIPRL,-0.5371787378336372,0.3233504552000331,-1.5410891189853642,0.2189156952134283,0,35,6,8,0.5932203389830508,0.1016949152542373,8.123350455200033
STX4 (6810),STX4,-0.6445415599459301,0.5214864912400804,-2.582952072306548,0.1333144934967581,0,32,13,12,0.5423728813559322,0.22033898305084745,8.12148649124008
FPGS (2356),FPGS,-0.6939916384601842,0.4203742127228781,-1.7438484678617343,0.1583598982518776,0,36,16,5,0.6101694915254238,0.2711864406779661,8.12037421272288
STXBP3 (6814),STXBP3,-0.5431934358710611,0.4083314618705008,-1.4789697985058798,0.2691532956290488,0,31,10,15,0.5254237288135594,0.1694915254237288,8.1083314618705
TUBE1 (51175),TUBE1,-0.5885225087135378,0.30131751865753725,-1.4265597483592236,0.0567354668495994,0,36,4,5,0.6101694915254238,0.06779661016949153,8.001317518657537
GART (2618),GART,-0.5656688766012663,0.3894942159209247,-1.3855371226684317,0.1118767319830189,0,32,7,12,0.5423728813559322,0.11864406779661017,7.989494215920925
SOX9 (6662),SOX9,-0.5939078436036552,0.4868340498390351,-2.108544249450682,0.1625440932884713,0,31,13,13,0.5254237288135594,0.22033898305084745,7.986834049839035
MLST8 (64223),MLST8,-0.6055616757057531,0.38603866261370706,-1.5788153931773354,-0.0038980620363159,0,34,8,8,0.576271186440678,0.13559322033898305,7.986038662613708
RGP1 (9827),RGP1,-0.5303368537729347,0.37952283749471105,-1.7048958927804128,0.1999948221904924,0,32,4,12,0.5423728813559322,0.06779661016949153,7.979522837494712
XRN1 (54464),XRN1,-0.5743761433538407,0.4567729579954178,-2.223590748478079,0.2983201888660904,0,30,9,15,0.5084745762711864,0.15254237288135594,7.956772957995418
PFDN1 (5201),PFDN1,-0.6241880568505911,0.3942921322326456,-1.716849142553149,0.0320134150957033,0,34,10,7,0.576271186440678,0.1694915254237288,7.894292132232646
ENO1 (2023),ENO1,-0.5871704338629783,0.3633206528643266,-1.6118566576788322,0.1182191543001847,0,34,8,7,0.576271186440678,0.13559322033898305,7.863320652864328
GET1 (7485),GET1,-0.5652443495906332,0.34039969495197847,-1.5158318034050549,-0.033364742470456,0,32,5,11,0.5423728813559322,0.0847457627118644,7.840399694951978
ZNHIT3 (9326),ZNHIT3,-0.6397136806689426,0.30700237146607157,-1.1731743995306687,-0.0384607409389859,0,35,9,5,0.5932203389830508,0.15254237288135594,7.807002371466072
PIK3CA (5290),PIK3CA,-0.5968330291685551,0.40460156753105153,-2.089855242872175,0.2609418876318116,0,34,7,6,0.576271186440678,0.11864406779661017,7.804601567531053
DHODH (1723),DHODH,-0.5970240214529766,0.367029992481941,-1.810905852755976,-0.0623454669824274,0,34,7,6,0.576271186440678,0.11864406779661017,7.767029992481941
YAP1 (10413),YAP1,-0.655339802274134,0.45159216634163313,-2.830750336913944,0.0010827582236204,0,34,10,5,0.576271186440678,0.1694915254237288,7.751592166341634
OGDH (4967),OGDH,-0.5798685451567708,0.3357689918469299,-1.466223839767035,0.150057253972575,0,34,6,6,0.576271186440678,0.1016949152542373,7.73576899184693
HSD17B10 (3028),HSD17B10,-0.5452042836977679,0.33146824400726294,-1.2706891931787911,0.1234493034984894,0,32,5,10,0.5423728813559322,0.0847457627118644,7.731468244007264
TUBB4B (10383),TUBB4B,-0.6984199656764878,0.5304814201697621,-2.6225504977140712,-0.0409517907149093,0,33,13,6,0.559322033898305,0.22033898305084745,7.730481420169763
TYMS (7298),TYMS,-0.7071266288724128,0.7184560125002104,-3.0620111356837314,0.0789855102761102,0,27,15,16,0.4576271186440678,0.2542372881355932,7.71845601250021
TTF2 (8458),TTF2,-0.5655416232738917,0.31558141089753683,-1.5282128504627046,0.1366852000559749,0,34,5,6,0.576271186440678,0.0847457627118644,7.7155814108975385
METAP1 (23173),METAP1,-0.5455496205696069,0.3113776273675209,-1.5132542883206177,0.0853688401081286,0,32,5,10,0.5423728813559322,0.0847457627118644,7.711377627367521
CHMP5 (51510),CHMP5,-0.6883932734833101,0.3995227075405077,-1.867921279340755,0.0374357859810857,0,34,12,5,0.576271186440678,0.2033898305084746,7.699522707540509
KIF4A (24137),KIF4A,-0.5421049138798193,0.37322476347584854,-1.401453467960498,0.1002920708654204,0,31,8,11,0.5254237288135594,0.13559322033898305,7.673224763475849
MED10 (84246),MED10,-0.5257053700657003,0.3583501112370741,-1.5292894216733934,0.2370916819705545,0,30,4,13,0.5084745762711864,0.06779661016949153,7.658350111237074
EAPP (55837),EAPP,-0.5612302773389813,0.34724462112450216,-2.251321120997216,0.0671481845335614,0,34,4,5,0.576271186440678,0.06779661016949153,7.647244621124503
RNF4 (6047),RNF4,-0.63379755589095,0.42373555052824446,-2.0138417939147457,-0.0430405443133287,0,32,7,8,0.5423728813559322,0.11864406779661017,7.623735550528244
VBP1 (7411),VBP1,-0.5831778358638526,0.3226907437789584,-1.6055654659546224,-0.073275476488234,0,33,5,7,0.559322033898305,0.0847457627118644,7.622690743778959
IRS2 (8660),IRS2,-0.6008669941151017,0.5168261776629335,-2.623399480457696,0.1386888037923731,0,28,11,15,0.4745762711864407,0.1864406779661017,7.616826177662934
TTC7A (57217),TTC7A,-0.6252783581585678,0.6055238623752186,-2.341189275960309,0.2519466038712301,0,28,14,14,0.4745762711864407,0.23728813559322035,7.60552386237522
SKA2 (348235),SKA2,-0.4904946075778801,0.3760213502755371,-1.194540698007702,1.22641503922322,0,33,3,6,0.559322033898305,0.05084745762711865,7.576021350275537
BAP1 (8314),BAP1,-0.5599470298394431,0.31182540041785617,-1.3351306156082354,0.0141585737925318,0,32,6,8,0.5423728813559322,0.1016949152542373,7.511825400417856
ANKRD49 (54851),ANKRD49,-0.436352684859515,0.3751302271968984,-1.0278456898887265,0.4415240269718947,0,28,1,15,0.4745762711864407,0.01694915254237288,7.475130227196899
FLII (2314),FLII,-0.4962664232201324,0.3364644113837747,-1.4522047692649342,0.0481713981541781,0,28,4,15,0.4745762711864407,0.06779661016949153,7.436464411383775
SERBP1 (26135),SERBP1,-0.5834959568447277,0.33038433828739794,-1.6410685719816014,0.0347383447004379,0,33,6,5,0.559322033898305,0.1016949152542373,7.430384338287398
SLC2A1 (6513),SLC2A1,-0.509923505294357,0.41282683412638793,-1.2925014448023022,0.268565526312308,0,27,10,16,0.4576271186440678,0.1694915254237288,7.412826834126388
ACTR1A (10121),ACTR1A,-0.5686313899260821,0.41009329718458826,-1.950125110812256,0.0894809301838971,0,30,7,10,0.5084745762711864,0.11864406779661017,7.410093297184588
EFR3A (23167),EFR3A,-0.5972566515753673,0.4717754048315185,-1.5314760248782853,0.3706138575032459,0,28,14,13,0.4745762711864407,0.23728813559322035,7.371775404831519
SMC5 (23137),SMC5,-0.5338748291422275,0.35772445701881733,-1.9981304630384675,0.1921695965157739,0,31,4,8,0.5254237288135594,0.06779661016949153,7.357724457018818
TCOF1 (6949),TCOF1,-0.5404613253916621,0.32876080521362266,-1.3230988040506293,0.1406776142035374,0,31,4,8,0.5254237288135594,0.06779661016949153,7.328760805213623
LSM12 (124801),LSM12,-0.5117558231951282,0.31038112349688257,-1.3691982235109226,0.2449872503123464,0,31,2,8,0.5254237288135594,0.03389830508474576,7.3103811234968825
NBAS (51594),NBAS,-0.477110460060987,0.37519736484206107,-1.5676607646482126,0.3763341891086138,0,28,5,13,0.4745762711864407,0.0847457627118644,7.275197364842062
MCL1 (4170),MCL1,-0.6082945656865559,0.5583799384839936,-2.1474331768039336,0.3246461116662644,0,27,13,13,0.4576271186440678,0.22033898305084745,7.258379938483993
KCTD10 (83892),KCTD10,-0.4695570380690465,0.3499077258871227,-1.4471254217572354,0.0181185107918224,0,27,5,15,0.4576271186440678,0.0847457627118644,7.249907725887123
UBE2C (11065),UBE2C,-0.5347584419529502,0.33855433991991823,-1.183977246814433,0.4118707892189187,0,30,3,9,0.5084745762711864,0.05084745762711865,7.238554339919919
MED19 (219541),MED19,-0.541352130478118,0.4283530544968604,-1.5149809759762447,0.922068152264324,0,30,8,8,0.5084745762711864,0.13559322033898305,7.228353054496861
E4F1 (1877),E4F1,-0.4640140493934292,0.3271053195911299,-1.155958657122043,0.6700026874470736,0,28,1,13,0.4745762711864407,0.01694915254237288,7.22710531959113
PNKP (11284),PNKP,-0.5055181733918243,0.3155008276145197,-1.2194767329072322,0.2772773550426021,0,30,4,9,0.5084745762711864,0.06779661016949153,7.21550082761452
NPEPPS (9520),NPEPPS,-0.5192239792009029,0.31366360188275055,-1.3599596231653228,0.3376491331789218,0,31,3,7,0.5254237288135594,0.05084745762711865,7.213663601882751
ATIC (471),ATIC,-0.5625233805911891,0.4030171337438912,-1.7348212616960026,0.0733974319559747,0,29,11,10,0.4915254237288136,0.1864406779661017,7.2030171337438915
CEP43 (11116),CEP43,-0.38418996819997253,0.502655641402168,-1.726978906158149,1.0739687113681609,0,22,6,23,0.3728813559322034,0.1016949152542373,7.202655641402169
TSC2 (7249),TSC2,-0.2896845774221405,0.49429428179476703,-1.4914796367468333,1.233334099854324,0,23,3,21,0.3898305084745763,0.05084745762711865,7.194294281794768
RHEB (6009),RHEB,-0.37893389596200244,0.3803985239303846,-1.0790275289251725,0.9458741056207264,0,27,2,14,0.4576271186440678,0.03389830508474576,7.180398523930386
NDUFS1 (4719),NDUFS1,-0.5523839852384055,0.3601169129830982,-1.9055835216380768,0.1412457684520001,0,29,5,10,0.4915254237288136,0.0847457627118644,7.160116912983099
HUS1 (3364),HUS1,-0.5060296288851444,0.3576619678270571,-1.3354247900707352,0.2406425776476074,0,28,5,12,0.4745762711864407,0.0847457627118644,7.157661967827058
RCOR1 (23186),RCOR1,-0.4098241280608029,0.35305940432004224,-1.4846991699291272,0.398073753065923,0,24,3,20,0.4067796610169492,0.05084745762711865,7.153059404320043
GMNN (51053),GMNN,-0.5650587517108686,0.4516607139180408,-2.227014858843392,0.0390916907840371,0,28,7,11,0.4745762711864407,0.11864406779661017,7.151660713918041
APC (324),APC,-0.39574520012636805,0.4355019684788991,-1.5268152202808485,0.3877447327128396,0,20,7,27,0.3389830508474576,0.11864406779661017,7.135501968478899
FERMT1 (55612),FERMT1,-0.38395812864427825,0.4346310744492013,-2.1400909603549167,0.2216687598975333,0,22,4,23,0.3728813559322034,0.06779661016949153,7.134631074449201
WRN (7486),WRN,-0.4681163307048498,0.8783152570316365,-3.219640466834309,0.2997038575620586,0,12,8,38,0.2033898305084746,0.13559322033898305,7.078315257031637
DYNLL1 (8655),DYNLL1,-0.4800272799030142,0.31595230278606445,-1.4449343329339852,0.1521864955801933,0,27,3,13,0.4576271186440678,0.05084745762711865,7.015952302786064
PTK2 (5747),PTK2,-0.49824457238698205,0.31393374491246334,-1.4761086238950205,-0.0174706125481329,0,29,5,9,0.4915254237288136,0.0847457627118644,7.013933744912465
ITGB5 (3693),ITGB5,-0.5093364206879633,0.30894644560851675,-1.6376457202526258,0.0001590397905289,0,29,4,9,0.4915254237288136,0.06779661016949153,7.008946445608518
SREBF1 (6720),SREBF1,-0.573564280753398,0.4078179503638235,-1.9330864243493204,0.0243896041276175,0,28,8,10,0.4745762711864407,0.13559322033898305,7.007817950363824
KIF14 (9928),KIF14,-0.5391209127426836,0.3053605777782614,-1.279041699741868,0.0839983968903548,0,30,5,7,0.5084745762711864,0.0847457627118644,7.005360577778261
JUP (3728),JUP,-0.20814771071300878,0.3893757401054637,-1.8123305395035607,0.5063393974308384,0,11,4,44,0.1864406779661017,0.06779661016949153,6.989375740105464
IGF1R (3480),IGF1R,-0.36538099941845403,0.3798076485645767,-1.4431394043679564,0.2762287732123327,0,20,5,26,0.3389830508474576,0.0847457627118644,6.979807648564577
WDR73 (84942),WDR73,-0.5131898580366796,0.3729972376991476,-1.6368156800471978,0.0744725754243001,0,27,7,12,0.4576271186440678,0.11864406779661017,6.972997237699148
EAF1 (85403),EAF1,-0.3916382644747934,0.36784178304769927,-1.3745856206432434,0.1853762202975185,0,21,5,24,0.3559322033898305,0.0847457627118644,6.9678417830476995
ICE2 (79664),ICE2,-0.5237846814058644,0.3415831704290486,-1.4903147111476382,0.1135932547537356,0,28,6,10,0.4745762711864407,0.1016949152542373,6.941583170429049
UFM1 (51569),UFM1,-0.5530479406269914,0.3174742572012777,-1.4638843658624792,0.0765795902602749,0,30,5,6,0.5084745762711864,0.0847457627118644,6.9174742572012775
GABPB1 (2553),GABPB1,-0.3794949252246924,0.30636746211256066,-1.0679946261819366,0.127292875269672,0,22,3,22,0.3728813559322034,0.05084745762711865,6.906367462112561
SMARCA5 (8467),SMARCA5,-0.5068217663910951,0.3051972609045988,-1.18802686846278,0.4715740775404,0,29,3,8,0.4915254237288136,0.05084745762711865,6.9051972609045995
COG8 (84342),COG8,-0.5421664354231224,0.30258536396983193,-1.375929562529441,0.0017718217590786,0,29,5,8,0.4915254237288136,0.0847457627118644,6.902585363969832
EGFR (1956),EGFR,-0.34952461438706595,0.3984054956301958,-1.381422009648971,0.2376949963796116,0,19,6,27,0.3220338983050847,0.1016949152542373,6.898405495630196
CCNL1 (57018),CCNL1,-0.570918054952404,0.36560075458694535,-1.606727440488714,0.2219553109555018,0,30,8,5,0.5084745762711864,0.13559322033898305,6.8656007545869455
CHMP4B (128866),CHMP4B,-0.5497095461390793,0.45803793695400796,-1.954710126146157,0.3046883952542834,0,27,9,10,0.4576271186440678,0.15254237288135594,6.858037936954008
CTC1 (80169),CTC1,-0.40788738096171695,0.3532524460762152,-1.3100471491752723,0.3034798352706943,0,25,2,15,0.423728813559322,0.03389830508474576,6.853252446076215
PTPMT1 (114971),PTPMT1,-0.4956482233455797,0.352561832968524,-1.3964785869961385,0.3978167135757894,0,28,6,9,0.4745762711864407,0.1016949152542373,6.852561832968525
CDX2 (1045),CDX2,-0.38894023108971854,0.4267733780253625,-1.5191945654121877,0.1989999156379771,0,19,7,26,0.3220338983050847,0.11864406779661017,6.826773378025363
RPRD1B (58490),RPRD1B,-0.4887374108686877,0.3140517537601085,-1.2540532759752818,0.2391141744460971,0,28,4,9,0.4745762711864407,0.06779661016949153,6.8140517537601095
PMM2 (5373),PMM2,-0.5119840856493669,0.40919451601956536,-2.170548624523615,0.079640259892243,0,25,5,14,0.423728813559322,0.0847457627118644,6.8091945160195655
CCND2 (894),CCND2,-0.30931696207052145,0.39516252329432633,-1.515913726469532,0.0961759559850918,0,14,6,36,0.23728813559322035,0.1016949152542373,6.7951625232943265
BRAF (673),BRAF,-0.3555091392053483,0.3888446398458084,-1.577997034762439,0.158818114770898,0,18,4,28,0.3050847457627119,0.06779661016949153,6.788844639845809
RICTOR (253260),RICTOR,-0.3903125594331364,0.33696137534500775,-1.216443085850614,0.3573413644582752,0,24,3,16,0.4067796610169492,0.05084745762711865,6.736961375345009
NUP50 (10762),NUP50,-0.48434165599456835,0.30475107526848433,-1.3088503512675982,0.277174307181764,0,26,3,12,0.4406779661016949,0.05084745762711865,6.704751075268485
TMX2 (51075),TMX2,-0.4855942747556499,0.39614350007307014,-1.6085979134316153,0.4264498503601672,0,25,6,13,0.423728813559322,0.1016949152542373,6.69614350007307
KEAP1 (9817),KEAP1,-0.24031955783960532,0.47927217636586816,-1.7244369564074298,0.7870158383037751,0,17,2,28,0.288135593220339,0.03389830508474576,6.679272176365869
RFK (55312),RFK,-0.5151160558076258,0.36823154133276814,-1.755972784861075,0.067646078691781,0,26,6,11,0.4406779661016949,0.1016949152542373,6.6682315413327675
CHMP7 (91782),CHMP7,-0.5139880238112811,0.44997104948280775,-2.7323658135349183,0.2334504523495353,0,25,7,12,0.423728813559322,0.11864406779661017,6.649971049482808
GFPT1 (2673),GFPT1,-0.5141323055343331,0.34138580258653656,-1.3467769864225594,0.0199282473977029,0,26,5,11,0.4406779661016949,0.0847457627118644,6.641385802586537
HEATR3 (55027),HEATR3,-0.31184864113514094,0.33926708467281336,-1.0771772946962956,0.3645090677395893,0,18,1,27,0.3050847457627119,0.01694915254237288,6.639267084672813
BRCA1 (672),BRCA1,-0.44687049588643885,0.3346673763003196,-1.189450153892957,0.3640589737163543,0,26,3,11,0.4406779661016949,0.05084745762711865,6.634667376300319
NDUFV2 (4729),NDUFV2,-0.4150298111334254,0.3343342057186976,-1.7343763575268354,0.3506760907393222,0,24,2,15,0.4067796610169492,0.03389830508474576,6.634334205718698
MTHFD1 (4522),MTHFD1,-0.5120112132430381,0.42689352937441827,-1.6967388884219776,0.3941516507086877,0,24,6,14,0.4067796610169492,0.1016949152542373,6.626893529374419
METTL1 (4234),METTL1,-0.5610549388558868,0.32647646623742416,-1.7398086317710333,-0.0853437575458205,0,29,5,5,0.4915254237288136,0.0847457627118644,6.626476466237425
NDUFA8 (4702),NDUFA8,-0.5648125622913236,0.3195826120053621,-1.5745425955415349,0.0248706834803662,0,29,6,5,0.4915254237288136,0.1016949152542373,6.619582612005363
ELP2 (55250),ELP2,-0.534858048643764,0.3165972171303286,-1.47983156943617,0.0442615072347274,0,28,5,7,0.4745762711864407,0.0847457627118644,6.616597217130329
TUBD1 (51174),TUBD1,-0.5029599394215702,0.31581743369652393,-1.6014626776185066,0.1832264054250945,0,27,5,9,0.4576271186440678,0.0847457627118644,6.615817433696525
SMG7 (9887),SMG7,-0.5042106358004442,0.30059361295301984,-1.5144950272601516,0.0678520641658212,0,29,3,5,0.4915254237288136,0.05084745762711865,6.600593612953021
FBXW11 (23291),FBXW11,-0.4988778443263876,0.3862959325814586,-1.4010050696936835,0.2066519362268539,0,24,8,14,0.4067796610169492,0.13559322033898305,6.58629593258146
ZBTB7A (51341),ZBTB7A,-0.45840914697007706,0.37184856806629807,-1.68657842557838,0.1868571776318376,0,23,6,16,0.3898305084745763,0.1016949152542373,6.571848568066299
FURIN (5045),FURIN,-0.25078635249945114,0.3713063777523955,-1.2738352395796957,0.605642713770196,0,15,2,32,0.2542372881355932,0.03389830508474576,6.5713063777523955
GATA6 (2627),GATA6,-0.19416279168148243,0.3595064438090498,-1.151790419156058,0.3006091231378309,0,13,2,36,0.22033898305084745,0.03389830508474576,6.55950644380905
CTNNA1 (1495),CTNNA1,-0.07767503653768519,0.3355523150447502,-0.8471425246714653,0.8635351579999355,0,10,0,42,0.1694915254237288,0.0,6.53555231504475
RTEL1 (51750),RTEL1,-0.5144530416365877,0.33335652205894467,-1.7335792285982956,0.0561890723331635,0,27,3,8,0.4576271186440678,0.05084745762711865,6.533356522058945
CAB39 (51719),CAB39,-0.2679619975636752,0.3321739206829325,-1.16886721259555,0.2762485661416698,0,16,1,30,0.2711864406779661,0.01694915254237288,6.532173920682933
SMC6 (79677),SMC6,-0.4622214489529309,0.326031617685157,-1.2879950446879156,0.3423452932492626,0,24,4,14,0.4067796610169492,0.06779661016949153,6.526031617685158
EMC1 (23065),EMC1,-0.43563233276926927,0.32510962394677334,-1.2859530349344388,0.3364688308314502,0,25,2,12,0.423728813559322,0.03389830508474576,6.525109623946774
SATB2 (23314),SATB2,-0.30385185048781244,0.5197435665397756,-2.1222669289833926,0.323735210893298,0,13,6,34,0.22033898305084745,0.1016949152542373,6.519743566539776
CNOT1 (23019),CNOT1,-0.5308637745141271,0.31948133025853387,-1.4039357873114096,-0.0015875115077255,0,26,7,10,0.4406779661016949,0.11864406779661017,6.519481330258534
NFRKB (4798),NFRKB,-0.4860069512996416,0.3036374857730146,-1.450674881634635,-0.0248603096645928,0,25,4,12,0.423728813559322,0.06779661016949153,6.503637485773015
ISCA1 (81689),ISCA1,-0.3582204241547741,0.30030488359737545,-0.9770634242234354,0.3157441121747653,0,22,0,18,0.3728813559322034,0.0,6.500304883597376
ITGAV (3685),ITGAV,-0.37472691825580823,0.39558126021175044,-2.038858948324554,0.408803903418715,0,19,3,23,0.3220338983050847,0.05084745762711865,6.49558126021175
RAF1 (5894),RAF1,-0.2525552786505285,0.3826274463572987,-1.516169615964233,0.2538232887988413,0,13,3,35,0.22033898305084745,0.05084745762711865,6.482627446357299
BRK1 (55845),BRK1,-0.5173859910942364,0.34644961374244704,-1.3424603131218895,0.4594359894407008,0,26,7,9,0.4406779661016949,0.11864406779661017,6.446449613742447
PGM3 (5238),PGM3,-0.3097762974887589,0.33304998635814237,-1.1593572541370545,0.3535099790755007,0,17,3,27,0.288135593220339,0.05084745762711865,6.433049986358142
WDR48 (57599),WDR48,-0.45729896103525003,0.31963856576726146,-1.2894646037688098,0.1603944492306248,0,25,5,11,0.423728813559322,0.0847457627118644,6.419638565767261
VPS4B (9525),VPS4B,-0.3528604798977646,0.4548024870781875,-2.132916928204513,0.1829468431065774,0,15,6,29,0.2542372881355932,0.1016949152542373,6.354802487078188
BRD2 (6046),BRD2,-0.33870066156027084,0.44924841002003835,-1.8990471999811789,0.4859009553763203,0,17,4,25,0.288135593220339,0.06779661016949153,6.349248410020039
MED23 (9439),MED23,-0.3761221492595075,0.346233062130811,-1.3243536734370585,0.371234742532437,0,21,3,18,0.3559322033898305,0.05084745762711865,6.346233062130811
ACACA (31),ACACA,-0.533383026665832,0.33891108574501666,-1.26997657870634,0.0186282741767448,0,25,8,10,0.423728813559322,0.13559322033898305,6.338911085745017
TBL1XR1 (79718),TBL1XR1,-0.3936511895684101,0.33729131313398153,-1.2719241147896063,0.1403474143907492,0,20,3,20,0.3389830508474576,0.05084745762711865,6.337291313133981
IRF2BP2 (359948),IRF2BP2,-0.3592948441719656,0.41727360220601745,-1.750477054139006,0.4673685042063712,0,19,5,21,0.3220338983050847,0.0847457627118644,6.3172736022060185
HSCB (150274),HSCB,-0.48763597626110167,0.31523984955542195,-1.5485219061005695,0.1994860968072006,0,26,3,8,0.4406779661016949,0.05084745762711865,6.315239849555422
AIFM1 (9131),AIFM1,-0.4962942586549397,0.3032154291590137,-1.4452909599294017,0.0862412545115757,0,26,4,8,0.4406779661016949,0.06779661016949153,6.303215429159014
MTX2 (10651),MTX2,-0.26566636826912426,0.49741553757203244,-2.6634099950075107,0.3736134662647352,0,10,5,38,0.1694915254237288,0.0847457627118644,6.297415537572032
VPS4A (27183),VPS4A,-0.4625938878105759,0.39016231407916524,-1.782308618169857,0.0130621754185901,0,21,6,17,0.3559322033898305,0.1016949152542373,6.290162314079166
CDK6 (1021),CDK6,-0.4650700313814171,0.3703908642383308,-1.7351793402520292,0.1055646934062328,0,22,6,15,0.3728813559322034,0.1016949152542373,6.2703908642383315
SAMD4B (55095),SAMD4B,-0.45320072060904887,0.35012260648927274,-1.322922850047985,0.2735465819696422,0,24,4,11,0.4067796610169492,0.06779661016949153,6.250122606489274
RAD1 (5810),RAD1,-0.49701312768980677,0.336052835599994,-1.4173784362315551,0.1313346729916579,0,24,4,11,0.4067796610169492,0.06779661016949153,6.236052835599995
AHCYL1 (10768),AHCYL1,-0.3855771584520417,0.3337624818519815,-1.2978089441888525,0.3251721128341983,0,20,2,19,0.3389830508474576,0.03389830508474576,6.233762481851982
CD46 (4179),CD46,-0.17825926077479626,0.32634122233124374,-1.1743720318691846,0.1884450589188303,0,10,3,39,0.1694915254237288,0.05084745762711865,6.226341222331245
KMT2D (8085),KMT2D,-0.4332167868361905,0.32159754553819425,-1.257008985066386,0.2758864412820154,0,22,3,15,0.3728813559322034,0.05084745762711865,6.221597545538194
ILK (3611),ILK,-0.41966668753766384,0.3185951301124393,-1.7050057241878682,0.1660975252304764,0,22,1,15,0.3728813559322034,0.01694915254237288,6.21859513011244
MDM4 (4194),MDM4,-0.1433471402898335,0.31818174711949665,-1.4605789633024613,0.479433458812623,0,6,2,47,0.1016949152542373,0.03389830508474576,6.2181817471194964
TRIM37 (4591),TRIM37,-0.3662511891691515,0.3178668068343453,-1.6803521568116506,0.1514546783439788,0,20,1,19,0.3389830508474576,0.01694915254237288,6.217866806834346
PPM1D (8493),PPM1D,-0.15482044667192052,0.31785990034647005,-1.220176545515033,0.400083985133658,0,8,2,43,0.13559322033898305,0.03389830508474576,6.21785990034647
NDE1 (54820),NDE1,-0.5218156826438167,0.5045555313920446,-2.3908170181065542,0.1041778523931914,0,21,9,15,0.3559322033898305,0.15254237288135594,6.204555531392045
HYCC2 (285172),HYCC2,-0.13762921783030585,0.401604730246967,-1.332952282381493,0.5683307276097708,0,8,4,42,0.13559322033898305,0.06779661016949153,6.2016047302469675
UXS1 (80146),UXS1,-0.44097468399131573,0.37316196185942224,-2.020730275735555,0.0981053191603752,0,23,3,12,0.3898305084745763,0.05084745762711865,6.173161961859423
DUSP4 (1846),DUSP4,-0.08487557113278393,0.37151258440074836,-2.077896332285115,0.4699967140689343,0,5,1,48,0.0847457627118644,0.01694915254237288,6.171512584400749
HSP90B1 (7184),HSP90B1,-0.5376698829689266,0.3303415159650113,-1.6850013375498525,0.1689567610132811,0,26,6,6,0.4406779661016949,0.1016949152542373,6.130341515965011
TEDC1 (283643),TEDC1,-0.45525765844422855,0.3201648763818656,-1.2683368902410004,0.2509804319652568,0,24,6,10,0.4067796610169492,0.1016949152542373,6.120164876381867
PTDSS1 (9791),PTDSS1,-0.3942202285987536,0.5126115965450311,-3.245759821094796,0.1588748672915537,0,16,4,24,0.2711864406779661,0.06779661016949153,6.112611596545031
STAG2 (10735),STAG2,-0.19466935386066317,0.31090063246801936,-1.0438486832680476,0.3677568058849717,0,11,1,36,0.1864406779661017,0.01694915254237288,6.11090063246802
VPS52 (6293),VPS52,-0.32126503048680033,0.309841085447487,-0.9175855761448052,0.7283733068820981,0,18,0,22,0.3050847457627119,0.0,6.109841085447487
SEPSECS (51091),SEPSECS,-0.2703089678465491,0.30475026331660654,-1.1170516764847758,0.2536762167633092,0,14,2,30,0.23728813559322035,0.03389830508474576,6.104750263316607
PRPF39 (55015),PRPF39,-0.40828063050898267,0.3028684748781428,-1.2056025466091234,0.0801887147682638,0,20,2,18,0.3389830508474576,0.03389830508474576,6.102868474878143
FECH (2235),FECH,-0.46691638599343743,0.3914910264998155,-2.530693640675333,0.5101965405303266,0,24,2,9,0.4067796610169492,0.03389830508474576,6.091491026499817
EP300 (2033),EP300,-0.19764040411841313,0.3827244330712122,-1.0164803277772922,0.7169392620729347,0,14,1,29,0.23728813559322035,0.01694915254237288,6.082724433071213
COP1 (64326),COP1,-0.40784161268680286,0.37802970793247875,-1.3240941603150436,0.5448629697672487,0,20,4,17,0.3389830508474576,0.06779661016949153,6.078029707932479
MTCH2 (23788),MTCH2,-0.3066797838083483,0.3736127589150627,-2.0803759865909024,0.2512644876195965,0,12,3,33,0.2033898305084746,0.05084745762711865,6.073612758915063
BRCA2 (675),BRCA2,-0.3775562308427915,0.34989526403857046,-1.323032481387571,0.4804842321057035,0,20,3,17,0.3389830508474576,0.05084745762711865,6.049895264038571
STK40 (83931),STK40,-0.23712501197742727,0.3483526285258971,-1.4143834214076658,0.3890459548567961,0,13,1,31,0.22033898305084745,0.01694915254237288,6.0483526285258975
MDM2 (4193),MDM2,-0.6332949016936125,0.5425386927786543,-2.496259081363432,-0.0632062676188446,0,24,10,7,0.4067796610169492,0.1694915254237288,6.042538692778655
BRAT1 (221927),BRAT1,-0.35726848256027577,0.3415652746472108,-1.062815191538633,0.2727902676831313,0,20,3,17,0.3389830508474576,0.05084745762711865,6.041565274647211
ATP2B1 (490),ATP2B1,-0.4418257019001271,0.3278503173329121,-1.3209111020502888,0.1373308727849473,0,21,5,15,0.3559322033898305,0.0847457627118644,6.027850317332912
TFAP4 (7023),TFAP4,-0.3956276535668893,0.31551267802440014,-1.135384654727155,0.1824727498842041,0,20,2,17,0.3389830508474576,0.03389830508474576,6.0155126780244
TXNRD1 (7296),TXNRD1,-0.2489617139180465,0.34375303994667433,-0.950966352680757,0.7829886527074844,0,13,0,30,0.22033898305084745,0.0,5.9437530399466745
TRIT1 (54802),TRIT1,-0.33496094749276106,0.3367544505274899,-1.4489478844489312,0.2465459790065611,0,17,2,22,0.288135593220339,0.03389830508474576,5.9367544505274905
STN1 (79991),STN1,-0.5289764188631598,0.325288102938515,-1.3960756037615252,-0.017774346430615,0,25,8,6,0.423728813559322,0.13559322033898305,5.925288102938515
SLC7A1 (6541),SLC7A1,-0.3138220161064813,0.42488355718416754,-2.5391211721621136,0.1175283247301237,0,10,5,35,0.1694915254237288,0.0847457627118644,5.924883557184168
WDR83 (84292),WDR83,-0.5085449943078749,0.31401694878616476,-1.7217088322575071,0.0553621023310225,0,25,3,6,0.423728813559322,0.05084745762711865,5.9140169487861645
ZMYND8 (23613),ZMYND8,-0.40891821533352113,0.31235751237642945,-1.2022490895060691,0.4581775809491639,0,21,3,14,0.3559322033898305,0.05084745762711865,5.91235751237643
BCL9L (283149),BCL9L,-0.1885445650388293,0.3057031986784065,-1.1286462042798318,0.3878268579182697,0,11,1,34,0.1864406779661017,0.01694915254237288,5.905703198678407
FOSL1 (8061),FOSL1,-0.30125025145550965,0.39894281758117217,-1.8674620929246748,0.3098801600205624,0,13,4,29,0.22033898305084745,0.06779661016949153,5.8989428175811724
SOX2 (6657),SOX2,-0.15929654746518523,0.37851090782501107,-2.4528384396710283,0.3501760615044177,0,5,1,45,0.0847457627118644,0.01694915254237288,5.878510907825011
HNF1A (6927),HNF1A,-0.29749124878055994,0.37241381966363746,-1.4760359052493015,0.39078491168536,0,14,4,27,0.23728813559322035,0.06779661016949153,5.872413819663638
BIRC6 (57448),BIRC6,-0.5144726657169593,0.4635315316528116,-2.151285574389767,0.258222129713296,0,23,6,8,0.3898305084745763,0.1016949152542373,5.863531531652812
UBR5 (51366),UBR5,-0.47794200011449156,0.3604322578311675,-2.104850262819002,0.2854545098725263,0,22,4,11,0.3728813559322034,0.06779661016949153,5.860432257831167
CCNC (892),CCNC,-0.43957938433273086,0.35490862682810626,-1.4495210812599997,0.3486000713672137,0,21,5,13,0.3559322033898305,0.0847457627118644,5.854908626828106
PDCD6IP (10015),PDCD6IP,-0.313749484439482,0.3405260789089336,-1.3774875013225485,0.2913079065964242,0,15,2,25,0.2542372881355932,0.03389830508474576,5.840526078908933
MEN1 (4221),MEN1,-0.4388164257931756,0.3351977641393073,-1.1551656377066002,0.7179398210213177,0,21,3,13,0.3559322033898305,0.05084745762711865,5.835197764139307
DOT1L (84444),DOT1L,-0.21927874811392423,0.3223797985996247,-1.2045755681391004,0.3605378552843388,0,11,1,33,0.1864406779661017,0.01694915254237288,5.822379798599625
IQGAP1 (8826),IQGAP1,-0.20486848824869175,0.31715102836248826,-1.2590707164212116,0.3985082033867753,0,8,2,39,0.13559322033898305,0.03389830508474576,5.817151028362488
THAP11 (57215),THAP11,-0.3837555428065715,0.3040575344008733,-1.0473580000547655,0.3650230826710882,0,21,1,13,0.3559322033898305,0.01694915254237288,5.804057534400873
ITGB1 (3688),ITGB1,-0.12576876630672962,0.3040456927348143,-1.3270998576540771,0.5145234086108401,0,7,1,41,0.11864406779661017,0.01694915254237288,5.804045692734815
RPIA (22934),RPIA,-0.28993811771839006,0.3018916605682722,-1.087393804403519,0.3594366463971872,0,15,2,25,0.2542372881355932,0.03389830508474576,5.801891660568272
FDFT1 (2222),FDFT1,-0.3049785778150082,0.39819724822136215,-1.85131895091321,0.2811234662356746,0,12,4,30,0.2033898305084746,0.06779661016949153,5.798197248221363
LIAS (11019),LIAS,-0.4298500192071537,0.34099200667197016,-1.4260674898980406,0.3483824229275967,0,21,2,12,0.3559322033898305,0.03389830508474576,5.740992006671971
AMBRA1 (55626),AMBRA1,-0.13356079647440466,0.3923191753993218,-0.8587695581197791,1.1423502549132032,0,11,0,31,0.1864406779661017,0.0,5.692319175399322
DNLZ (728489),DNLZ,-0.42809712664160665,0.34419513348051683,-1.7728527330689503,0.1476002585349423,0,19,4,15,0.3220338983050847,0.06779661016949153,5.644195133480517
TEDC2 (80178),TEDC2,-0.40195627293548375,0.32422914218359783,-1.2825076489777596,0.6395115839858119,0,21,2,11,0.3559322033898305,0.03389830508474576,5.624229142183598
SLC7A5 (8140),SLC7A5,-0.3439129439143707,0.32163827143650253,-1.1729309295694303,0.5422438752221155,0,16,2,21,0.2711864406779661,0.03389830508474576,5.6216382714365025
YTHDF2 (51441),YTHDF2,-0.2819526175249511,0.31596061457488134,-1.1504008460552275,0.5281810895616189,0,13,1,27,0.22033898305084745,0.01694915254237288,5.615960614574881
FBXO7 (25793),FBXO7,-0.24834592273634465,0.31131963408639973,-1.3321543111188867,0.1262063381155598,0,11,2,31,0.1864406779661017,0.03389830508474576,5.611319634086399
SHOC2 (8036),SHOC2,-0.2829907233749604,0.36574824786093546,-1.5928911591359434,0.6709621101026978,0,12,3,28,0.2033898305084746,0.05084745762711865,5.565748247860936
MAP2K1 (5604),MAP2K1,-0.23346328723854817,0.3500689246320194,-1.494727285148077,0.2191563076846242,0,8,3,36,0.13559322033898305,0.05084745762711865,5.550068924632019
PARD3 (56288),PARD3,-0.13919427153677474,0.3250363857877426,-1.5753421152658866,0.9492457917461086,0,6,1,40,0.1016949152542373,0.01694915254237288,5.525036385787743
ZNF217 (7764),ZNF217,-0.39699537485761555,0.3227576650495433,-1.4500889715551786,0.1396942894107842,0,17,3,18,0.288135593220339,0.05084745762711865,5.522757665049544
SMARCA4 (6597),SMARCA4,-0.21375718740363656,0.31878333356950495,-1.3935396066252708,0.3751675069733569,0,9,2,34,0.15254237288135594,0.03389830508474576,5.518783333569505
TGIF1 (7050),TGIF1,-0.15737124443853015,0.3178655329773449,-1.27123671737767,0.482209845839643,0,8,1,36,0.13559322033898305,0.01694915254237288,5.5178655329773445
CHKA (1119),CHKA,-0.4394435628942075,0.31248823917592466,-1.3000057291921667,0.0284459897861586,0,20,4,12,0.3389830508474576,0.06779661016949153,5.512488239175925
ARF1 (375),ARF1,-0.3030410230576756,0.3080566654396441,-1.147027610041296,0.427998340198813,0,14,2,24,0.23728813559322035,0.03389830508474576,5.508056665439645
WDR26 (80232),WDR26,-0.44702488447589467,0.3039925863346966,-1.5649615525511944,0.165951246107637,0,20,2,12,0.3389830508474576,0.03389830508474576,5.503992586334697
H2BC26 (128312),H2BC26,-0.21632055407337097,0.3038137181324601,-1.0525540029307583,0.4957258299965308,0,11,1,30,0.1864406779661017,0.01694915254237288,5.50381371813246
CDH1 (999),CDH1,-0.16516479067646345,0.38612833751692155,-1.2736973851682842,1.3447213251081576,0,8,2,35,0.13559322033898305,0.03389830508474576,5.486128337516922
GPX4 (2879),GPX4,-0.22577122052927412,0.3773470167056999,-1.6590753957300324,0.5698598704641895,0,10,3,31,0.1694915254237288,0.05084745762711865,5.4773470167057
CREBBP (1387),CREBBP,-0.23824466516814563,0.45216766189604235,-1.7382732065874191,0.4765149405349698,0,11,4,28,0.1864406779661017,0.06779661016949153,5.452167661896043
TADA2B (93624),TADA2B,-0.3379718278181599,0.3506864664969283,-1.4505390699224905,0.3587559767738688,0,16,3,19,0.2711864406779661,0.05084745762711865,5.450686466496928
GSK3B (2932),GSK3B,-0.1573171475054426,0.3491459161994501,-1.5359159107507032,0.3776902885271853,0,7,2,37,0.11864406779661017,0.03389830508474576,5.44914591619945
LIPT1 (51601),LIPT1,-0.23319568065859503,0.3444874162953407,-1.1909900725971738,0.647612431163865,0,12,2,27,0.2033898305084746,0.03389830508474576,5.444487416295342
SLC25A28 (81894),SLC25A28,-0.3640772995133401,0.3396855035732601,-1.2912376013956612,0.3462120494279105,0,16,4,19,0.2711864406779661,0.06779661016949153,5.43968550357326
RB1CC1 (9821),RB1CC1,-0.3168523583581803,0.3372489325481048,-1.917926831973004,0.2343407403380771,0,15,1,21,0.2542372881355932,0.01694915254237288,5.437248932548105
KDSR (2531),KDSR,-0.2619542104365436,0.3355784919199281,-1.7352493039414394,0.1419763913653997,0,9,2,33,0.15254237288135594,0.03389830508474576,5.435578491919928
MYB (4602),MYB,-0.43585704764363326,0.33191706242705654,-1.804705772412286,0.3159512425907844,0,20,3,11,0.3389830508474576,0.05084745762711865,5.431917062427056
CDK8 (1024),CDK8,-0.20053555359052497,0.32945374330556165,-1.2002698882061418,0.4013251223202136,0,7,3,37,0.11864406779661017,0.05084745762711865,5.429453743305562
MARK2 (2011),MARK2,-0.3436241556619011,0.32944312994990715,-1.3103392001380478,0.6409112482417568,0,16,2,19,0.2711864406779661,0.03389830508474576,5.429443129949908
TADA1 (117143),TADA1,-0.30700154600309154,0.3290924903129076,-1.201825951486048,0.4950171133500031,0,14,2,23,0.23728813559322035,0.03389830508474576,5.429092490312908
MTA2 (9219),MTA2,-0.2543330898984359,0.32721308547205086,-1.928381065745398,0.1562400914180156,0,9,2,33,0.15254237288135594,0.03389830508474576,5.427213085472051
MAP3K2 (10746),MAP3K2,-0.21561000449920653,0.32623132146691625,-1.2694790113889491,0.2857195046380945,0,7,3,37,0.11864406779661017,0.05084745762711865,5.426231321466917
SOS1 (6654),SOS1,-0.23770445048163802,0.3238623649380601,-1.400952662536046,0.2995727954155782,0,10,3,31,0.1694915254237288,0.05084745762711865,5.42386236493806
TPK1 (27010),TPK1,-0.16519747451154695,0.32195133368879614,-1.218420752057606,0.318773420264474,0,6,2,39,0.1016949152542373,0.03389830508474576,5.421951333688797
SUZ12 (23512),SUZ12,-0.439549262346595,0.31152925315747515,-1.795468182555618,0.2822650023136225,0,21,3,9,0.3559322033898305,0.05084745762711865,5.411529253157475
IDH3A (3419),IDH3A,-0.3870955884540859,0.36782424795605906,-1.438887389399067,0.1231835676319077,0,14,5,22,0.23728813559322035,0.0847457627118644,5.36782424795606
ASPM (259266),ASPM,-0.3399404039545371,0.35322459878715506,-1.6989746629147644,0.1590430932771991,0,14,2,22,0.23728813559322035,0.03389830508474576,5.353224598787156
SEPHS2 (22928),SEPHS2,-0.48390776600926527,0.33682847602846894,-1.38135033214281,0.0200825926787859,0,21,6,8,0.3559322033898305,0.1016949152542373,5.336828476028469
PPCDC (60490),PPCDC,-0.20739692291942996,0.31898750578294754,-1.3357140358110848,0.2679895072270518,0,7,3,36,0.11864406779661017,0.05084745762711865,5.318987505782948
ADAT2 (134637),ADAT2,-0.3339770373572698,0.30618778796935386,-1.0951450368174174,0.3276841781463703,0,16,1,18,0.2711864406779661,0.01694915254237288,5.306187787969354
SLC4A7 (9497),SLC4A7,-0.492718676403804,0.40193132775263063,-2.227963857422466,0.3505075443280704,0,20,7,9,0.3389830508474576,0.11864406779661017,5.301931327752631
RPL22L1 (200916),RPL22L1,-0.4257014321618589,0.43346557296631116,-2.277400162864582,0.2933537761250398,0,16,6,16,0.2711864406779661,0.1016949152542373,5.2334655729663115
GRK2 (156),GRK2,-0.31372492220803383,0.32154063321184423,-1.4733668870762833,0.2501780768203098,0,12,3,25,0.2033898305084746,0.05084745762711865,5.221540633211845
TAF5L (27097),TAF5L,-0.32969439980037146,0.31288248944378205,-1.3395393901540396,0.3973136543826396,0,15,1,19,0.2542372881355932,0.01694915254237288,5.212882489443782
PARD6B (84612),PARD6B,-0.20474277983457292,0.4095158845177906,-1.4001050380296147,0.6664148033425025,0,8,4,32,0.13559322033898305,0.06779661016949153,5.20951588451779
PI4KB (5298),PI4KB,-0.3578905653910559,0.3011625071913365,-1.2013987784026203,0.2620288848805883,0,15,1,19,0.2542372881355932,0.01694915254237288,5.201162507191337
FXN (2395),FXN,-0.3596480736830573,0.36220808148531985,-1.190816558214185,0.6446379120696423,0,17,5,14,0.288135593220339,0.0847457627118644,5.16220808148532
PDS5A (23244),PDS5A,-0.22278249819061977,0.3533609149244152,-1.337558256433099,0.4698771909562853,0,10,2,28,0.1694915254237288,0.03389830508474576,5.1533609149244155
TRAF7 (84231),TRAF7,-0.21940032863088005,0.3481231224367793,-1.424398178275189,0.5561512035617403,0,9,2,30,0.15254237288135594,0.03389830508474576,5.148123122436779
STEEP1 (63932),STEEP1,-0.21955950690636464,0.3341317448043388,-1.3352249174684423,0.3440968327400988,0,8,3,32,0.13559322033898305,0.05084745762711865,5.134131744804339
CUL2 (8453),CUL2,-0.35874195132590647,0.33079707992817425,-1.299809368198191,0.4749456233614725,0,16,3,16,0.2711864406779661,0.05084745762711865,5.130797079928175
PAXIP1 (22976),PAXIP1,-0.09870208176418366,0.3185335325264668,-0.8196976684947873,0.6090408233407812,0,5,0,38,0.0847457627118644,0.0,5.118533532526467
CSDE1 (7812),CSDE1,-0.33637293065631163,0.30442775741524714,-0.9377233451571696,0.500913927405167,0,16,0,16,0.2711864406779661,0.0,5.104427757415247
CHMP1A (5119),CHMP1A,-0.44315136216223333,0.3000418854588209,-1.385736050131383,0.5175570686576971,0,21,3,6,0.3559322033898305,0.05084745762711865,5.100041885458822
DHX29 (54505),DHX29,-0.2407721115952284,0.3383911997007219,-1.3011687112853203,0.3313895871739426,0,9,2,29,0.15254237288135594,0.03389830508474576,5.0383911997007225
DERL2 (51009),DERL2,-0.3239780159137368,0.33091028939402145,-1.634595683451045,0.5382208036093091,0,14,1,19,0.23728813559322035,0.01694915254237288,5.030910289394022
CASC3 (22794),CASC3,-0.3730324934816943,0.3268716183390476,-1.3109158548013726,0.4492489187231911,0,14,2,19,0.23728813559322035,0.03389830508474576,5.026871618339048
ARID1A (8289),ARID1A,-0.19399160462759446,0.30964461497030527,-1.1138333322599323,0.4357974253380384,0,9,1,29,0.15254237288135594,0.01694915254237288,5.0096446149703056
ZFP36L1 (677),ZFP36L1,-0.1869023062892616,0.30743478484667147,-1.3754074348827905,0.4345984060379892,0,6,2,35,0.1016949152542373,0.03389830508474576,5.007434784846671
RHOA (387),RHOA,-0.2517695400118409,0.3951238062659056,-1.5372317634277448,0.6653212363853995,0,11,3,24,0.1864406779661017,0.05084745762711865,4.995123806265906
DET1 (55070),DET1,-0.3986371246473241,0.3255261010596381,-1.3498584174263493,0.3773410421588313,0,17,3,12,0.288135593220339,0.05084745762711865,4.9255261010596385
JUN (3725),JUN,-0.18439615724538774,0.31021080748430213,-1.5517293367878882,0.3235578375415748,0,5,2,36,0.0847457627118644,0.03389830508474576,4.910210807484303
NIBAN2 (64855),NIBAN2,-0.19529324345042737,0.3040683783056794,-1.4969268652209249,0.2554380795820073,0,6,2,34,0.1016949152542373,0.03389830508474576,4.90406837830568
TIMM17A (10440),TIMM17A,-0.37697849641751485,0.38878123661712366,-2.185464797568126,0.1073781349619516,0,13,3,19,0.22033898305084745,0.05084745762711865,4.888781236617124
LEMD2 (221496),LEMD2,-0.4061353783933917,0.3698686040690919,-2.2079447493075754,0.1402997315524272,0,14,3,17,0.23728813559322035,0.05084745762711865,4.869868604069092
FDX1 (2230),FDX1,-0.30633815460100144,0.39633462075235,-1.2887646109178132,1.5197266642978708,0,14,1,16,0.23728813559322035,0.01694915254237288,4.796334620752351
APEX2 (27301),APEX2,-0.2260709907628389,0.3135891533748747,-1.4847934729453316,0.5319857174566512,0,7,2,30,0.11864406779661017,0.03389830508474576,4.713589153374874
CIAO2A (84191),CIAO2A,-0.3523633873643436,0.31220858858093775,-1.064593324372595,0.3175324726383273,0,15,3,14,0.2542372881355932,0.05084745762711865,4.712208588580938
TIPARP (25976),TIPARP,-0.2990178965551059,0.308095693026932,-0.965479637895171,0.3817565724345891,0,12,0,20,0.2033898305084746,0.0,4.708095693026932
POLR2M (81488),POLR2M,-0.32087321475011243,0.3071742271016214,-1.7091946031021084,0.2721079281578691,0,12,1,20,0.2033898305084746,0.01694915254237288,4.707174227101621
ZRANB2 (9406),ZRANB2,-0.3031138223676337,0.30037885616117765,-1.3025975828456204,0.5931547091806821,0,11,3,22,0.1864406779661017,0.05084745762711865,4.700378856161178
TSC1 (7248),TSC1,-0.10525321677829211,0.3743588790378672,-0.9307874899039852,1.044617830662603,0,6,0,31,0.1016949152542373,0.0,4.674358879037867
FBXO11 (80204),FBXO11,-0.3188866520656409,0.3559438290436117,-1.628564937963098,0.3837465686223718,0,12,2,19,0.2033898305084746,0.03389830508474576,4.655943829043612
SYNCRIP (10492),SYNCRIP,-0.35424033659083937,0.3406786835534368,-1.961084467725824,0.4697823119955401,0,13,1,17,0.22033898305084745,0.01694915254237288,4.640678683553437
TAFAZZIN (6901),TAFAZZIN,-0.3844777681054632,0.33974792759629424,-2.0203715879639543,0.0646379582045235,0,13,2,17,0.22033898305084745,0.03389830508474576,4.639747927596295
SHC1 (6464),SHC1,-0.23087108008040363,0.3139739633755763,-0.9902403421441396,0.5186139968678811,0,8,0,27,0.13559322033898305,0.0,4.613973963375576
HNF1B (6928),HNF1B,-0.33325649803012014,0.3467473336110567,-1.6252042284272257,0.1317772163815849,0,10,4,22,0.1694915254237288,0.06779661016949153,4.546747333611057
RPP25L (138716),RPP25L,-0.2266306265167168,0.30370042510667056,-2.011302080034693,0.1494284031401767,0,5,1,32,0.0847457627118644,0.01694915254237288,4.503700425106671
NMNAT1 (64802),NMNAT1,-0.35916956748796264,0.36789189345919876,-2.177146855547011,0.0968004757720777,0,10,3,21,0.1694915254237288,0.05084745762711865,4.467891893459199
RBM5 (10181),RBM5,-0.268258360387218,0.33976944339174353,-1.8440968868257204,0.1560827630915408,0,5,2,31,0.0847457627118644,0.03389830508474576,4.439769443391744
POLQ (10721),POLQ,-0.36462436959044553,0.3188101585673936,-1.9380559363074088,0.1648383347365525,0,13,2,15,0.22033898305084745,0.03389830508474576,4.418810158567394
ATP6V0E1 (8992),ATP6V0E1,-0.260941647182563,0.36996387495106253,-2.436197200535433,0.1353249440664855,0,6,2,28,0.1016949152542373,0.03389830508474576,4.369963874951063
MAPK1 (5594),MAPK1,-0.33877496756354875,0.37630828607835665,-1.9181061000088235,0.1313619218709725,0,7,4,25,0.11864406779661017,0.06779661016949153,4.276308286078357
UFL1 (23376),UFL1,-0.37445056902963947,0.3155259842663917,-1.7224897454287276,0.1298347461519252,0,13,3,13,0.22033898305084745,0.05084745762711865,4.2155259842663915
ASF1B (55723),ASF1B,-0.37669727535577996,0.3276303492268273,-2.4555744088306417,-0.0444013731280854,0,10,1,10,0.1694915254237288,0.01694915254237288,3.327630349226827
